prediction,proba
0,0.0227733768756389
0,0.0227733768756389
1,0.9752714796482588
1,0.9767655339711754
0,0.022073601318706938
0,0.0227733768756389
1,0.9767655339711754
1,0.9774791512621456
0,0.024238517371835498
1,0.9752714796482588
