ID,prediction,proba
1001,0,0.37100051547667834
1002,0,0.3712713103198634
1003,1,0.529456276412248
1004,0,0.4497225023121839
1005,1,0.5303233520937966
1006,1,0.5291672114127611
1007,0,0.44871775746295767
1008,0,0.4495789420221845
1009,1,0.6085440021430639
1010,1,0.5288781268480112
