prediction,proba
1,0.607638345742036
1,0.6086692683354326
0,0.44902338497186883
0,0.450629337621544
0,0.37330753804574796
0,0.45116488553488016
0,0.3697720784793572
1,0.6091843668315021
1,0.6045398479751632
0,0.45009390407973726
